feature,standardized_coefficient,absolute_coefficient
worst texture,1.434093171033841,1.434093171033841
radius error,1.2333251663808176,1.2333251663808176
worst symmetry,1.0612636621709461,1.0612636621709461
mean concave points,0.9528128318119822,0.9528128318119822
worst concavity,0.9114058021854974,0.9114058021854974
area error,0.9090290582882176,0.9090290582882176
compactness error,-0.9069248024192619,0.9069248024192619
worst area,0.9004766112545065,0.9004766112545065
worst radius,0.8969678339058798,0.8969678339058798
mean concavity,0.7822983533225197,0.7822983533225197
perimeter error,0.7482947115713589,0.7482947115713589
worst perimeter,0.7231114802873418,0.7231114802873418
worst concave points,0.7039988067031876,0.7039988067031876
fractal dimension error,-0.5938763200364319,0.5938763200364319
mean texture,0.48221940329617924,0.48221940329617924
concave points error,0.482089078592353,0.482089078592353
mean area,0.43995028198850306,0.43995028198850306
mean compactness,-0.4395461480874433,0.4395461480874433
worst smoothness,0.42020675465700497,0.42020675465700497
texture error,-0.40761125826206396,0.40761125826206396
mean radius,0.3611500684491319,0.3611500684491319
mean perimeter,0.35315986626691187,0.35315986626691187
mean smoothness,0.35062155829171654,0.35062155829171654
symmetry error,-0.33065773405654153,0.33065773405654153
smoothness error,0.24799098171630313,0.24799098171630313
worst compactness,-0.1734875080449929,0.1734875080449929
mean symmetry,-0.16399086837706717,0.16399086837706717
concavity error,-0.09234069448239429,0.09234069448239429
mean fractal dimension,-0.08086512047777361,0.08086512047777361
worst fractal dimension,0.05486987894732338,0.05486987894732338
